{
  "version": 2,
  "builds": [
    {
      "src": "package.json",
      "use": "@vercel/static-build",
      "config": {
        "distDir": "build"
      }
    }
  ],
  "routes": [
    {
      "src": "/(.*)",
      "dest": "/index.html"
    }
  ],
  "headers": [
    {
      "source": "/(.*)",
      "headers": [
        {
          "key": "X-Frame-Options",
          "value": "DENY"
        },
        {
          "key": "X-Content-Type-Options",
          "value": "nosniff"
        }
      ]
    }
  ]
}
