{
  "keep": [
    "core/create-env-from-json.js",
    "core/createEnvFile.js",
    "core/email-notifier.js",
    "core/health-check.js",
    "core/securityHardening.js",
    "core/standardize-env-vars.js",
    "core/system-analysis.js",
    "core/telegram-notifier.js"
  ],
  "check": [
    "checks/check-system-status.js",
    "checks/checkAllConfigs.js",
    "checks/checkGoogleSetup.js",
    "checks/connection-checker.js"
  ],
  "test": [
    "tests/testApiService.js",
    "tests/testAuthentication.js",
    "tests/testEmailService.js",
    "tests/testGoogleConnection.js",
    "tests/testTelegramConnection.js"
  ],
  "deploy": [
    "deploy/deploy.js",
    "deploy/deployProduction.js",
    "setup/deploy.js"
  ],
  "setup": [
    "setup/setup.js",
    "setup/setupCICD.js",
    "setup/setupGCP.js",
    "setup/setupGoogleAPI.js",
    "setup/setupMonitoring.js"
  ],
  "delete": [],
  "shell": [
    "core/securityAudit.sh",
    "setup/deployNetlify.sh",
    "setup/deployVercel.sh",
    "shell/build.sh",
    "shell/demoDeployment.sh",
    "shell/deployFirebase.sh",
    "shell/deployGCP.sh",
    "shell/deployNetlify.sh",
    "shell/deployVercel.sh",
    "shell/force-restart.sh",
    "shell/quick-restart.sh",
    "shell/restart-and-test.sh",
    "shell/restart-frontend.sh",
    "shell/restart-project.sh",
    "shell/restart-with-env.sh",
    "shell/runGCPDeployment.sh",
    "shell/securityAudit.sh",
    "shell/setup-github.sh",
    "shell/setupGCPAuth.sh",
    "shell/setup_script.sh",
    "shell/start-all-services.sh",
    "shell/start-clean.sh",
    "shell/start-with-monitoring.sh",
    "shell/start.sh",
    "shell/test-connections.sh"
  ],
  "unknown": [
    ".env",
    ".env.github-actions.example",
    ".env.standardized",
    ".github/workflows/deploy.yml",
    ".github/workflows/docker.yml",
    ".github/workflows/performance.yml",
    ".github/workflows/security.yml",
    ".lighthouserc.json",
    "README.md",
    "analyze-scripts.js",
    "cleanup-scripts.js",
    "scripts-analysis-report.json",
    "shell/deploy.sh",
    "shell/dev-start.sh",
    "shell/lint-fix.sh",
    "shell/run-tests.sh",
    "shell/setup-dev.sh",
    "shell/setup-env.sh",
    "shell/setup-google-apis.sh",
    "shell/setup-google-sheets.sh",
    "shell/start-advanced.sh",
    "shell/start-fixed.sh",
    "shell/start-mia.sh",
    "shell/start-project.sh",
    "shell/switch-to-mock-data.sh",
    "shell/switch-to-real-data.sh",
    "shell/system-check.sh",
    "shell/test-api-endpoints.sh",
    "shell/test-deployment.sh",
    "shell/test-startup.sh"
  ]
}