{
  "name": "react-oas-integration",
  "version": "3.0.0",
  "description": "React OAS Integration v3.0 - AI-Powered Platform",
  "main": "index.js",
  "scripts": {
    "start": "craco start",
    "build": "craco build",
    "test": "craco test",
    "eject": "react-scripts eject",
    "dev": "concurrently \"npm run start\" \"npm run backend\" \"npm run ai-service\"",
    "backend": "cd backend && npm start",
    "ai-service": "cd ai-service && python -m uvicorn main_simple:app --host 0.0.0.0 --port 8000 --reload",
    "google-backend": "node ",
    "vercel-build": "npm run build"
  },
  "dependencies": {
    "@emotion/react": "^11.11.0",
    "@emotion/styled": "^11.11.0",
    "@mui/icons-material": "^5.14.0",
    "@mui/material": "^5.14.0",
    "@mui/x-data-grid": "^6.18.0",
    "ajv": "^8.12.0",
    "axios": "^1.6.0",
    "chart.js": "^4.4.0",
    "date-fns": "^2.30.0",
    "google-auth-library": "^9.4.1",
    "googleapis": "^128.0.0",
    "react": "^18.2.0",
    "react-chartjs-2": "^5.2.0",
    "react-dom": "^18.2.0",
    "react-router-dom": "^6.20.0",
    "react-scripts": "^5.0.1",
    "web-vitals": "^3.5.0"
  },
  "devDependencies": {
    "@craco/craco": "^7.1.0",
    "@testing-library/dom": "^10.4.1",
    "@testing-library/jest-dom": "^6.9.1",
    "@testing-library/react": "^16.3.0",
    "@testing-library/user-event": "^14.6.1",
    "concurrently": "^9.2.1",
    "eslint": "^9.37.0",
    "jest-environment-jsdom": "^30.2.0",
    "serve": "^14.2.5"
  },
  "browserslist": {
    "production": [
      ">0.2%",
      "not dead",
      "not op_mini all"
    ],
    "development": [
      "last 1 chrome version",
      "last 1 firefox version",
      "last 1 safari version"
    ]
  },
  "keywords": [
    "react",
    "oas",
    "ai",
    "analytics",
    "dashboard"
  ],
  "author": "React OAS Team",
  "license": "MIT"
}
